{
  "name": "jquery-waypoints",
  "version": "2.0.5",
  "main": "waypoints.js",
  "description": "A jQuery plugin that makes it easy to execute a function whenever you scroll to an element.",
  "ignore": [
    "**/.*",
    "**/*.coffee",
    "**/*.html",
    "bower_components",
    "examples",
    "node_modules",
    "Makefile",
    "test"
  ],
  "dependencies": {
    "jquery": ">=1.8"
  },
  "homepage": "https://github.com/imakewebthings/waypoints",
  "_release": "2.0.5",
  "_resolution": {
    "type": "version",
    "tag": "v2.0.5",
    "commit": "415eb556fc99b1475bd3b221f29c21eb4388c40c"
  },
  "_source": "git://github.com/imakewebthings/waypoints.git",
  "_target": "~2.0.3",
  "_originalSource": "waypoints"
}