{
  "name": "angular-semver-sort",
  "author": "Dominik Porada",
  "main": "angular-semver-sort.js",
  "ignore": [
    ".gitignore",
    ".travis.yml",
    "Gruntfile.js",
    "package.json"
  ],
  "dependencies": {
    "angular": "~1.2.8"
  },
  "devDependencies": {
    "angular-mocks": "~1.2.8"
  },
  "homepage": "https://github.com/monterail/angular-semver-sort",
  "version": "0.2.3",
  "_release": "0.2.3",
  "_resolution": {
    "type": "version",
    "tag": "v0.2.3",
    "commit": "0c4b45d7beb290e97860fb364aef96ccccaac7af"
  },
  "_source": "git://github.com/monterail/angular-semver-sort.git",
  "_target": "~0.2.3",
  "_originalSource": "angular-semver-sort"
}