{
  "name": "leaflet.markercluster",
  "main": [
    "dist/leaflet.markercluster-src.js",
    "dist/MarkerCluster.css",
    "dist/MarkerCluster.Default.css"
  ],
  "homepage": "https://github.com/Leaflet/Leaflet.markercluster",
  "authors": [
    "Dave Leaver <danzel@localhost.geek.nz>"
  ],
  "description": "Marker Clustering plugin for Leaflet.",
  "license": "MIT",
  "ignore": [
    "**/.*",
    "node_modules",
    "bower_components",
    "example",
    "spec",
    "test",
    "tests"
  ],
  "dependencies": {
    "leaflet": ">= 0.7.0"
  },
  "_release": "9f975fa0a9",
  "_resolution": {
    "type": "branch",
    "branch": "master",
    "commit": "9f975fa0a962ec53c469e9a2b9d8842ecf68e45b"
  },
  "_source": "https://github.com/Leaflet/Leaflet.markercluster.git",
  "_target": "master",
  "_originalSource": "https://github.com/Leaflet/Leaflet.markercluster.git"
}